"Txhash","UnixTimestamp","DateTime","From","To","Value","ContractAddress","TokenName","TokenSymbol"
"0xd6ae1025fda9201003c24ac8e0db3d9d6ef61f87dd557a914a9862052c757874","1549713881","2019-02-09 12:04:41","0xfeda60643713afe689063a64651fc3bff34a7208","0x2260fac5e5542a773aa44fbcfedf7c193bc2c599","0","0xc02aaa39b223fe8d0a0e5c4f27ead9083c756cc2","Wrapped Ether","WETH",""
"0xfebefd8ee6e0c133f6d8ea0f58bc8cae9e0aec7b6116828bd8ee719f52eeadcb","1549793888","2019-02-10 10:18:08","0xbb530108497bd5007b74443119a8de8f33cc98bf","0x2260fac5e5542a773aa44fbcfedf7c193bc2c599","0.99","0xc3761eb917cd790b30dad99f6cc5b4ff93c4f9ea","ERC20","ERC20",""
"0x908681ccb88c31a0f85df9a9c677b55c86dabb174bbcb56eff2f7e06eedbe280","1555336412","2019-04-15 13:53:32","0x7381d09a8bde146c2472500203fd924fac0669a9","0x2260fac5e5542a773aa44fbcfedf7c193bc2c599","1","0xb6ed7644c69416d67b522e20bc294a9a9b405b31","0xBitcoin Token","0xBTC",""
"0xa0c6899edcbea4f2f13fec477265496ea1c1299da7d2003f9002650cbbedb3a0","1557467284","2019-05-10 05:48:04","0x62562c244b66ec16756f59ccb4d450d36983e5e7","0x2260fac5e5542a773aa44fbcfedf7c193bc2c599","8,570","0x7c5cb1220bd293ff9cf903915732e51a71292038","YottaLing","YTL",""
"0x5687d6200c1322a4d92598600a3a54ac4ab7680c09240b31b41d661fe389c564","1557491758","2019-05-10 12:35:58","0x53ddfb32cb24b0712110455c77baf127a30e413a","0x2260fac5e5542a773aa44fbcfedf7c193bc2c599","0.03024841","0x2260fac5e5542a773aa44fbcfedf7c193bc2c599","Wrapped BTC","WBTC",""
"0xc5bd0d44e17774c0e76b63d458e717eb38a300f6114a685d49d3d9d41fa4aec9","1562106227","2019-07-02 22:23:47","0x6988f4462294f86b3a8e0aeb75dad2351f152000","0x2260fac5e5542a773aa44fbcfedf7c193bc2c599","0","0x2260fac5e5542a773aa44fbcfedf7c193bc2c599","Wrapped BTC","WBTC",""
"0xe31a6ba751819e6dfb43c84101dfeeada01931fcf034d92a2a9fede675a89066","1563354489","2019-07-17 09:08:09","0xa5025faba6e70b84f74e9b1113e5f7f4e7f4859f","0x2260fac5e5542a773aa44fbcfedf7c193bc2c599","0.0004","0xd110bb8a24b100c37af7310416e685af807c1f10","VODA TOKEN","WDT",""
"0x216a15511172e4291457caad715c25de5a1578af8b2bd75656a6f9e9a838dc73","1563698225","2019-07-21 08:37:05","0x29bc2188262477707becab36dcb3b2a466ec076f","0x2260fac5e5542a773aa44fbcfedf7c193bc2c599","0.00970413","0x2260fac5e5542a773aa44fbcfedf7c193bc2c599","Wrapped BTC","WBTC",""
"0x2be00147c0b9965818e918de779defac7269f8c0e17c712d3744a3bc5e50b3fa","1565689299","2019-08-13 09:41:39","0x23c6b63b03b6ab1b7d857d97422148754ebca7c6","0x2260fac5e5542a773aa44fbcfedf7c193bc2c599","19,414","0x7c5cb1220bd293ff9cf903915732e51a71292038","YottaLing","YTL",""
"0x9e933b25617ff7c820e32cc7499f245c7a68526dd6364e2af079b8eed2bb34d5","1573624630","2019-11-13 05:57:10","0x908e99085a30946a889e033c89dce9fc063fb3bc","0x2260fac5e5542a773aa44fbcfedf7c193bc2c599","25","0x5ceb8c7f189e694b326310694ac6df98e5ced66e","Yattaqi","YAT",""
"0x4fdaaa1cd706b107976bc0496514df82c7999b1d749ac0ab823a0e5a5e7a0d56","1580635427","2020-02-02 09:23:47","0xcb4db1e1724891978746a82207ef7bd2b504886d","0x2260fac5e5542a773aa44fbcfedf7c193bc2c599","1","0xac9bb427953ac7fddc562adca86cf42d988047fd","Scatter.cx","STT",""
"0xb8dce1c36e40583a20046e36d76b98a1dc841a2c0dc1b0c88d18a0980bbfd0d2","1584429647","2020-03-17 07:20:47","0xbe39557e41425341711e594d51d130c765791f83","0x2260fac5e5542a773aa44fbcfedf7c193bc2c599","0.001","0x2260fac5e5542a773aa44fbcfedf7c193bc2c599","Wrapped BTC","WBTC",""
"0xb3fa3c2ad553639e3011d5bdd71cc35b0ff1b9f94eec3bb3c5d87d07718fd737","1588132685","2020-04-29 03:58:05","0xb5d1c37ac2c8feee5c065f13acf3c26f6f561a0e","0x2260fac5e5542a773aa44fbcfedf7c193bc2c599","0.028","0xc02aaa39b223fe8d0a0e5c4f27ead9083c756cc2","Wrapped Ether","WETH",""
"0xb288b357dcf05c5e787b2742080e1779ce7868501b6e341ec8fad6159fc662f4","1592988339","2020-06-24 08:45:39","0xa1a32679bdb04e8f969429c396547a69ca1c353b","0x2260fac5e5542a773aa44fbcfedf7c193bc2c599","0.00015498","0x2260fac5e5542a773aa44fbcfedf7c193bc2c599","Wrapped BTC","WBTC",""
"0x9daea82352f925ba83f07dfb0e8c0cf23f5fa97f834f3574b2206aa3aeb4cd93","1594500493","2020-07-11 20:48:13","0xe00c1cfda434783a72f08bb1244b1f6cd5f75d0b","0x2260fac5e5542a773aa44fbcfedf7c193bc2c599","0","0x2260fac5e5542a773aa44fbcfedf7c193bc2c599","Wrapped BTC","WBTC",""
"0xec69c1db9c4d7cd0358b985b835afbc437e7dcb962a734bab471c99567c95174","1595791652","2020-07-26 19:27:32","0x111b46246ba9bf46ef15dca39ab7775897271951","0x2260fac5e5542a773aa44fbcfedf7c193bc2c599","0.05405733","0x2260fac5e5542a773aa44fbcfedf7c193bc2c599","Wrapped BTC","WBTC",""
"0xcad83503e80f89b5cd1fc36795a0f7ab505c623254696525b4603b51a8f70840","1595817483","2020-07-27 02:38:03","0x9ec56bbe01712b06650b86154c146cc412d58661","0x2260fac5e5542a773aa44fbcfedf7c193bc2c599","2.04843955","0x4ddc2d193948926d02f9b1fe9e1daa0718270ed5","Compound Ether","cETH",""
"0xc461e51ffe5876604070344dad55a6c6c9d6ef18a8e759322d7f393913bd19af","1597169204","2020-08-11 18:06:44","0xd1669ac6044269b59fa12c5822439f609ca54f41","0x2260fac5e5542a773aa44fbcfedf7c193bc2c599","0.0000037","0x2260fac5e5542a773aa44fbcfedf7c193bc2c599","Wrapped BTC","WBTC",""
"0x1d47e73b45591aedf0e3b173ae796b8f604e318883472a8946be0425ea416bfe","1599773279","2020-09-10 21:27:59","0x5b19b01d96c518d4ea9825d03be7a47453e63f47","0x2260fac5e5542a773aa44fbcfedf7c193bc2c599","0","0x2260fac5e5542a773aa44fbcfedf7c193bc2c599","Wrapped BTC","WBTC",""
"0xfbf5d77ac175a7e3f1e9f30dfd734ad5f7a58fd9efa97ce9296dea9f202aa9e5","1600570287","2020-09-20 02:51:27","0x382126c0849d6f62ebc49c3732394ecc482f0767","0x2260fac5e5542a773aa44fbcfedf7c193bc2c599","8.793148","0x2260fac5e5542a773aa44fbcfedf7c193bc2c599","Wrapped BTC","WBTC",""
"0xb0b3e99006c433e68509fe2bd6b685d79e10a3a3fe7c93dba620f2b20d7b98f7","1600720890","2020-09-21 20:41:30","0x2b5634c42055806a59e9107ed44d43c426e58258","0x2260fac5e5542a773aa44fbcfedf7c193bc2c599","96","0xdac17f958d2ee523a2206206994597c13d831ec7","Tether USD","USDT",""
"0x9ea51135bf808d87c03788b73b4d6347db2c470a44bc35d2de9241dc6ccb6a8c","1602265949","2020-10-09 17:52:29","0x0fc8b320c1723176b6ac24f77dbbcebdd502335f","0x2260fac5e5542a773aa44fbcfedf7c193bc2c599","7.6542","0x792348668c8d4b640bb7c09d7127234d4c29053e","YFIN STAKE","YFIN",""
"0x205ec6a3c7864795b6b02c29ecba070b5330b31f4740b1b0f1f69445cfd1f653","1602830169","2020-10-16 06:36:09","0xfbb1b73c4f0bda4f67dca266ce6ef42f520fbb98","0x2260fac5e5542a773aa44fbcfedf7c193bc2c599","0.00134994","0x2260fac5e5542a773aa44fbcfedf7c193bc2c599","Wrapped BTC","WBTC",""
"0x8443186a78a3c5335979db7502f70506c3b46e185d76a63b26daf49f4eda9225","1602929934","2020-10-17 10:18:54","0xa5025faba6e70b84f74e9b1113e5f7f4e7f4859f","0x2260fac5e5542a773aa44fbcfedf7c193bc2c599","0.01","0x6051c1354ccc51b4d561e43b02735deae64768b8","yRise.Finance","yRise",""
"0xfbc6d2d99def1a99c5d93b60c29cff7f41847c32dbb98b3356d08d2ddcc87524","1603092253","2020-10-19 07:24:13","0x70bda5a9130a93541960320a09812da1cdaf38f2","0x2260fac5e5542a773aa44fbcfedf7c193bc2c599","99,999","0x70bda5a9130a93541960320a09812da1cdaf38f2","WCDS挖头矿在即，全新DeFi资管平台WcdSwap即将创世挖矿，持WCDS/WBTC的LPtoken的用户，可竞享百倍收益！","WCDS挖头矿在即，全新DeFi资管平台WcdSwap即将创世挖矿，持WCDS/WBTC的LPtok",""
"0x3412ef94d7fc5e1e2ec4ab97d1ee7ed01352de2a5c18923e698771d7e4764336","1603201061","2020-10-20 13:37:41","0x46340b20830761efd32832a74d7169b29feb9758","0x2260fac5e5542a773aa44fbcfedf7c193bc2c599","0.006868","0x2260fac5e5542a773aa44fbcfedf7c193bc2c599","Wrapped BTC","WBTC",""
"0xb0fb97ae17cf78523749faa9d1630e636960ec0a261f300d2ba977e699fa40e8","1603290342","2020-10-21 14:25:42","0x617e1eeddc9953beabdf21e03b8ecc1cfdc39149","0x2260fac5e5542a773aa44fbcfedf7c193bc2c599","0.07854583","0x2260fac5e5542a773aa44fbcfedf7c193bc2c599","Wrapped BTC","WBTC",""
"0x73de4082c37c45e4b4689126b0a62773de3d4cdfc70f9d13cea690c3e268244d","1603510055","2020-10-24 03:27:35","0xd8a4aa0ca3e0f47bd6bf2547b5ab8809526cefd0","0x2260fac5e5542a773aa44fbcfedf7c193bc2c599","0.0078","0x2260fac5e5542a773aa44fbcfedf7c193bc2c599","Wrapped BTC","WBTC",""
"0xecc4207eb2232052011ff500d7f7e9da4e37de77f1212655d5695507b3f31d4f","1603521729","2020-10-24 06:42:09","0xe5730adb126dcc20dd00c866c57f26dad3cf92d4","0x2260fac5e5542a773aa44fbcfedf7c193bc2c599","0.00457314","0x2260fac5e5542a773aa44fbcfedf7c193bc2c599","Wrapped BTC","WBTC",""
"0x110c711172ac59de12df4ee6828d423d803ca6ef375ab06c9a151c9467015711","1603633689","2020-10-25 13:48:09","0x4ab5ed03e7ea50f1ea27a0a127a3a262e49d6587","0x2260fac5e5542a773aa44fbcfedf7c193bc2c599","0.017064911136242824","0x5bfe6ece3bf81cf6c0128ef54b7b57d02d4243e9","Ether","ETH",""
"0x02f5d75b821fdda980f1d46ff70c43ce01e38d4d48f8756b3790167ad60535ab","1603633860","2020-10-25 13:51:00","0x4ab5ed03e7ea50f1ea27a0a127a3a262e49d6587","0x2260fac5e5542a773aa44fbcfedf7c193bc2c599","0.016606650136242824","0x5bfe6ece3bf81cf6c0128ef54b7b57d02d4243e9","Ether","ETH",""
"0xcaf0ce4c4ba0ff2b7ca22020839de1afa38ba8d73f6ff1b635e2384407e1ddec","1603634405","2020-10-25 14:00:05","0x4ab5ed03e7ea50f1ea27a0a127a3a262e49d6587","0x2260fac5e5542a773aa44fbcfedf7c193bc2c599","0.016102563036242824","0x5bfe6ece3bf81cf6c0128ef54b7b57d02d4243e9","Ether","ETH",""
"0xf4568c89f7ec5605443484253deeb9d2ef2d9988fed7eec578655923a574bec6","1603634669","2020-10-25 14:04:29","0x4ab5ed03e7ea50f1ea27a0a127a3a262e49d6587","0x2260fac5e5542a773aa44fbcfedf7c193bc2c599","0.015598475936242824","0x5bfe6ece3bf81cf6c0128ef54b7b57d02d4243e9","Ether","ETH",""
"0x46f9aef093c9ed5f02579271cbc7fb2b771c23e61640a08f8fc92ab5a1b00eb2","1603634805","2020-10-25 14:06:45","0x4ab5ed03e7ea50f1ea27a0a127a3a262e49d6587","0x2260fac5e5542a773aa44fbcfedf7c193bc2c599","0.015091976936242824","0x5bfe6ece3bf81cf6c0128ef54b7b57d02d4243e9","Ether","ETH",""
"0x0bbfb74fd7f04b82405b71c9bb2870f0d9597b3814463e85e7c4db3fb5e88d86","1603634998","2020-10-25 14:09:58","0x4ab5ed03e7ea50f1ea27a0a127a3a262e49d6587","0x2260fac5e5542a773aa44fbcfedf7c193bc2c599","0.014578242236242824","0x5bfe6ece3bf81cf6c0128ef54b7b57d02d4243e9","Ether","ETH",""
"0xa5347ad31ca1745cfd99ca781c2f455f453fbbe539057543be8fb0b57ce60528","1603634998","2020-10-25 14:09:58","0x4ab5ed03e7ea50f1ea27a0a127a3a262e49d6587","0x2260fac5e5542a773aa44fbcfedf7c193bc2c599","0.014578242236242824","0x5bfe6ece3bf81cf6c0128ef54b7b57d02d4243e9","Ether","ETH",""
"0x45ce12a04859dccd644f5d350b87d2320eebcaa544ce2d78f53468e923642af5","1603634998","2020-10-25 14:09:58","0x4ab5ed03e7ea50f1ea27a0a127a3a262e49d6587","0x2260fac5e5542a773aa44fbcfedf7c193bc2c599","0.014578242236242824","0x5bfe6ece3bf81cf6c0128ef54b7b57d02d4243e9","Ether","ETH",""
"0x4a12f299174b234c938bb1e8a7e4f0e319565ca5e560d5ccce036bdcd9dfc90d","1603641689","2020-10-25 16:01:29","0x4ab5ed03e7ea50f1ea27a0a127a3a262e49d6587","0x2260fac5e5542a773aa44fbcfedf7c193bc2c599","0.012906795536242824","0x5bfe6ece3bf81cf6c0128ef54b7b57d02d4243e9","Ether","ETH",""
"0x240a6889c21c233c133847e41c346efef19885ee2e6cbcb33c522ec1db67ad39","1603642561","2020-10-25 16:16:01","0x4ab5ed03e7ea50f1ea27a0a127a3a262e49d6587","0x2260fac5e5542a773aa44fbcfedf7c193bc2c599","0.009356478736242824","0x5bfe6ece3bf81cf6c0128ef54b7b57d02d4243e9","Ether","ETH",""
"0x7b2d7e23498c352f71a98aa27cc0b68cd8ea746e77281c2de4ec46544d6413a2","1603643338","2020-10-25 16:28:58","0x4ab5ed03e7ea50f1ea27a0a127a3a262e49d6587","0x2260fac5e5542a773aa44fbcfedf7c193bc2c599","0.008705265736242824","0x5bfe6ece3bf81cf6c0128ef54b7b57d02d4243e9","Ether","ETH",""
"0xa67c1437cf20a133b81451569a90dbe309ff5461632df8b8484f945fccf05cf7","1603867042","2020-10-28 06:37:22","0xd31e655bc4eb5bcfe25a47d636b25bb4aa4041b2","0x2260fac5e5542a773aa44fbcfedf7c193bc2c599","856,420,144,564","0xf08fc026ca9f91662f322e839bacc4768671a961","千万不要分享给别人！！ www.168pools.com ！ 最佳DeFi项目评级和ROI分析工具，只让你知晓","千万不要分享给别人！！ www.168pools.com ！ 最佳DeFi项目评级和ROI分析工具，",""
"0x4e6d782e56f97a3cc0e617f4b34bac685048671041eeda97a6403ab7f75b8d73","1604138943","2020-10-31 10:09:03","0x4c233522394084ebaeb760e9f9dc7fe1ca0c6ab0","0x2260fac5e5542a773aa44fbcfedf7c193bc2c599","135.783714819867933459","0x6b175474e89094c44da98b954eedeac495271d0f","Dai Stablecoin","DAI",""
"0x47255d3c405da05b3645f300b35bdab1527eeb031dc1bd2a88166e5bfe1171c4","1604206483","2020-11-01 04:54:43","0x659c716eed2eac628ff1160593533ff7dd397f2c","0x2260fac5e5542a773aa44fbcfedf7c193bc2c599","1","0xc00e94cb662c3520282e6f5717214004a7f26888","Compound","COMP",""
"0x0866ff7d3f0b10aaac4bfe2a80a70638aff302a9c34511e3a81c60fd831ebcd7","1604206529","2020-11-01 04:55:29","0x659c716eed2eac628ff1160593533ff7dd397f2c","0x2260fac5e5542a773aa44fbcfedf7c193bc2c599","1.64","0x056fd409e1d7a124bd7017459dfea2f387b6d5cd","Gemini dollar","GUSD",""
"0xe2608ef8cda5701a602c444a3a18d4365b1098522fde7d5459018b9a8dad84ed","1604285658","2020-11-02 02:54:18","0xb27c2f6aa751bac9da498d86dc8a5eebfac299c0","0x2260fac5e5542a773aa44fbcfedf7c193bc2c599","0","0x2260fac5e5542a773aa44fbcfedf7c193bc2c599","Wrapped BTC","WBTC",""
"0x7af0af451d3c49a274a5f33c010d099dd27d8d20e96d13708a14bb0c094d1a99","1604288566","2020-11-02 03:42:46","0x659c716eed2eac628ff1160593533ff7dd397f2c","0x2260fac5e5542a773aa44fbcfedf7c193bc2c599","0","0xc00e94cb662c3520282e6f5717214004a7f26888","Compound","COMP",""
"0xf30a4afb6a50e8c3cf1a9eb85cb532917aaecdc9dc330b4f16b207dba75bf4a9","1604288946","2020-11-02 03:49:06","0xd9e5cfd188ff6082b3d541b4f5ff4a86727135da","0x2260fac5e5542a773aa44fbcfedf7c193bc2c599","3.585970865546811439","0x3a19baa9052d801da9b42f47738c2714efd0f0e6","APE CASINO COIN","APECASINO",""
"0x36fe14d58c7dd0b69e2ee1c4c7e9723fb2b5caceb830765508a15739e05f410a","1604753462","2020-11-07 12:51:02","0x82e203d3453714b1824e63e82cf9a56d09c869d0","0x2260fac5e5542a773aa44fbcfedf7c193bc2c599","0.00059668","0x2260fac5e5542a773aa44fbcfedf7c193bc2c599","Wrapped BTC","WBTC",""
"0x11f51c258a27a934a5dce303d3ac405e4737d91651b8cf3cb082d52e9b15ae81","1605245873","2020-11-13 05:37:53","0x50cbf20e743e8f6a3614b008b3079b7f4e44c76f","0x2260fac5e5542a773aa44fbcfedf7c193bc2c599","0.009999","0xff034d12353867fc4228f4ae3e689cd6dcaad120","YFBitcoin","YFBTC",""
"0x653659aafcde637a88ce829cfa61d95ef575d36a6061178c75071d12512f234f","1605786279","2020-11-19 11:44:39","0x30c9223d9e3d23e0af1073a38e0834b055bf68ed","0x2260fac5e5542a773aa44fbcfedf7c193bc2c599","0","0x2260fac5e5542a773aa44fbcfedf7c193bc2c599","Wrapped BTC","WBTC",""
"0x47a812aef8bc18d1f6aa59685440df6723d1c77b3628f86739ee41c560458515","1605791619","2020-11-19 13:13:39","0x8b81b04cb3dbabc5bda7516e5d65e193cd8125c4","0x2260fac5e5542a773aa44fbcfedf7c193bc2c599","0.0000053","0xd2d6158683aee4cc838067727209a0aaf4359de3","Bounty0x","BNTY",""
"0x9ad5cfd1e97971812c721eeb04d73efd2dc59339c5171525f969abbad18ec15e","1606042286","2020-11-22 10:51:26","0x44b465323f4fcaa88c2fa46df1f6b737b3bc3a0f","0x2260fac5e5542a773aa44fbcfedf7c193bc2c599","0.01699603","0x2260fac5e5542a773aa44fbcfedf7c193bc2c599","Wrapped BTC","WBTC",""
"0xf3a2419f0935a4788c2b6ed187db769d4ac7cca34fa9e459e0ac9eaf129c9bd6","1606258353","2020-11-24 22:52:33","0x7209e50bd2311cba873a95117038575a1d65436d","0x2260fac5e5542a773aa44fbcfedf7c193bc2c599","0.00055","0x2260fac5e5542a773aa44fbcfedf7c193bc2c599","Wrapped BTC","WBTC",""
"0x91afda5ccb443b7a510b5b5442e5fc728480fffc3bffbeee9abb995859325b22","1606350696","2020-11-26 00:31:36","0xe5bb88f649fc813d106fb165fa7037b4e66b78e1","0x2260fac5e5542a773aa44fbcfedf7c193bc2c599","0","0x2260fac5e5542a773aa44fbcfedf7c193bc2c599","Wrapped BTC","WBTC",""
"0xcbb14f24ea2583ebe86bf7e55606ec760755f4e5abe2505e34035d89f4c058ac","1606905492","2020-12-02 10:38:12","0xa4633cb5ceebba4bc3ac3baeab8b19381896fe88","0x2260fac5e5542a773aa44fbcfedf7c193bc2c599","0.899803263550585915","0xb9871cb10738eada636432e86fc0cb920dc3de24","PRIA","PRIA",""
"0xaccd5fc1440677e4c625e9e03e9a77a83e7c9b125b7b847e19a76f856605cc1c","1607083830","2020-12-04 12:10:30","0x00c67d9d6d3d13b42a87424e145826c467cccd84","0x2260fac5e5542a773aa44fbcfedf7c193bc2c599","0.21106567","0x2260fac5e5542a773aa44fbcfedf7c193bc2c599","Wrapped BTC","WBTC",""
"0x1389f9913a8414a5ece5be6c92bc150b1a6716e1bf7cdaad3eddb0c2928dec38","1607646231","2020-12-11 00:23:51","0xaf48a699bc0a049eb64c57c61feb427b28cd97f4","0x2260fac5e5542a773aa44fbcfedf7c193bc2c599","0.17284604","0x2260fac5e5542a773aa44fbcfedf7c193bc2c599","Wrapped BTC","WBTC",""
"0x25a63ca4d2b42010f7fcecbe5fb720474795f942f66265f7ac92c6a93b581e6b","1608349896","2020-12-19 03:51:36","0xa6d146c14f213fbf172196891cef0d523a8652eb","0x2260fac5e5542a773aa44fbcfedf7c193bc2c599","0.01098592","0x2260fac5e5542a773aa44fbcfedf7c193bc2c599","Wrapped BTC","WBTC",""
"0x9f1591b52e7ea004fb360723361f301189dc3057beada8551ae85d1045a3d445","1609226803","2020-12-29 07:26:43","0xd34e3b073a484823058ab76fc2304d5394beafe4","0x2260fac5e5542a773aa44fbcfedf7c193bc2c599","0","0x2260fac5e5542a773aa44fbcfedf7c193bc2c599","Wrapped BTC","WBTC",""
"0x67fa551a4122a8aa17916aa71a52270c82d97447e5f9f5c6244fb34d6edee7e4","1609229059","2020-12-29 08:04:19","0xd34e3b073a484823058ab76fc2304d5394beafe4","0x2260fac5e5542a773aa44fbcfedf7c193bc2c599","0","0x2260fac5e5542a773aa44fbcfedf7c193bc2c599","Wrapped BTC","WBTC",""
"0x493a7c830b34dca7169d9589b49a7a4213373f4bf64314b6f05d9c3f692fdd3a","1609232543","2020-12-29 09:02:23","0xd34e3b073a484823058ab76fc2304d5394beafe4","0x2260fac5e5542a773aa44fbcfedf7c193bc2c599","0","0x2260fac5e5542a773aa44fbcfedf7c193bc2c599","Wrapped BTC","WBTC",""
"0x54f8dfda157481634acd4aa8aad9d4fedae978f9e41f15450c407d2861794638","1612462820","2021-02-04 18:20:20","0x0093e5f2a850268c0ca3093c7ea53731296487eb","0x2260fac5e5542a773aa44fbcfedf7c193bc2c599","0.00152611","0x2260fac5e5542a773aa44fbcfedf7c193bc2c599","Wrapped BTC","WBTC",""
"0x8711a8736b4cb31e06617b84b3be6bb14a1c50cdb508a6281bc201b14da598fb","1613982457","2021-02-22 08:27:37","0x3c02290922a3618a4646e3bbca65853ea45fe7c6","0x2260fac5e5542a773aa44fbcfedf7c193bc2c599","11","0x61fd1c62551850d0c04c76fce614cbced0094498","IDKToken","IDK",""
"0x6878b9bc93e42f4292eced5b4305960320a0b27e46676e6fd9e71b5d70f86e55","1616015783","2021-03-17 21:16:23","0x1d3d346223c905dff1a5343e89fe37a59ddc3a95","0x2260fac5e5542a773aa44fbcfedf7c193bc2c599","0.0019569","0x2260fac5e5542a773aa44fbcfedf7c193bc2c599","Wrapped BTC","WBTC",""
"0xd29a4078fd99a870b068c68d0fd2d8291b32369f94a64ee88355613c86971d1b","1616557324","2021-03-24 03:42:04","0x0753cfbc797abfce05abaacbb1e6ae032feb5f1d","0x2260fac5e5542a773aa44fbcfedf7c193bc2c599","0.01","0x2260fac5e5542a773aa44fbcfedf7c193bc2c599","Wrapped BTC","WBTC",""
"0x13ec65fe1976a0272db65bb76d152c84c28bc50f98bd1405cb80d3a66741516c","1623299984","2021-06-10 04:39:44","0x0803cb8cf4a3a451db8ed5378e4d70b34b4fdd01","0x2260fac5e5542a773aa44fbcfedf7c193bc2c599","0.0183942","0x12565fd1436926beb0fff522d63be551240a4594","GOLD","GOLD",""
"0x427d6a437c6911a74ff31ed01b3d3b1e5474d0a906cf0960662d304332afd67f","1624152628","2021-06-20 01:30:28","0xd1917932a7db6af687b523d5db5d7f5c2734763f","0x2260fac5e5542a773aa44fbcfedf7c193bc2c599","5","0x8cb924583681cbfe487a62140a994a49f833c244","Swapp Token","SWAPP",""
"0xd07f759b80116b43bee477f4c97fd11f54cf61f11951995a043b210ebb868648","1624737220","2021-06-26 19:53:40","0x3a54ec3dee0a6f633e2666e7ba3b59b7839f969d","0x2260fac5e5542a773aa44fbcfedf7c193bc2c599","0.0001","0x2260fac5e5542a773aa44fbcfedf7c193bc2c599","Wrapped BTC","WBTC",""
"0xa46b7ce23ff3ded22a1563fbcf559f2c8d8ef3f5a6976009e9d9288df3ef46d8","1624934602","2021-06-29 02:43:22","0x6cc5f688a315f3dc28a7781717a9a798a59fda7b","0x2260fac5e5542a773aa44fbcfedf7c193bc2c599","0.001","0x2260fac5e5542a773aa44fbcfedf7c193bc2c599","Wrapped BTC","WBTC",""
"0xcdce0cc8a9c3709ca418fb412f41647b0a4d0103fe9fd2d8fcaa5185e4261d05","1625077864","2021-06-30 18:31:04","0xa6aaa94ab6f9525818ba6b1a890f65aa5775b72b","0x2260fac5e5542a773aa44fbcfedf7c193bc2c599","0.00058677","0x2260fac5e5542a773aa44fbcfedf7c193bc2c599","Wrapped BTC","WBTC",""
"0x755551953d883575d8f3ac601cc893baba8c0dd3d4ae9cb4f9358926f67f7c58","1625969627","2021-07-11 02:13:47","0x2260fac5e5542a773aa44fbcfedf7c193bc2c599","0x2aa4b2440106e90803771664b27ad784c7a54743","338,391,010","0xe0a1691e0469ce09fd34a4c303b7867f7b83fa91","","",""
"0xd9a16c97b82ea5c5995ab484b6653ad0d7fab93c9fa5e260b7ecd73d26f085bb","1626375417","2021-07-15 18:56:57","0x3cd751e6b0078be393132286c442345e5dc49699","0x2260fac5e5542a773aa44fbcfedf7c193bc2c599","0.03","0x2260fac5e5542a773aa44fbcfedf7c193bc2c599","Wrapped BTC","WBTC",""
"0x7d607b130e78013040358712a6fb0af844ec09e2633630d07091e4746a531fd2","1626426065","2021-07-16 09:01:05","0x2260fac5e5542a773aa44fbcfedf7c193bc2c599","0x2aa4b2440106e90803771664b27ad784c7a54743","363,446,777","0x0df2055be3604d059cfcee79d7f2a40483e7f928","","",""
"0x02c22434f4a3069420029ad0a5218760e9e49e41f23ab275490fdc334e1f6503","1626639345","2021-07-18 20:15:45","0x2260fac5e5542a773aa44fbcfedf7c193bc2c599","0x88cf3b884f9dd85956d1c71bdd62b939caf733b8","679,708,736","0x2aa4b2440106e90803771664b27ad784c7a54743","","",""
"0xf97140b10e44e6d466a582ba6a2872b969e773dcf509541a0912e1838b0c0e60","1627260023","2021-07-26 00:40:23","0x7f149ca6b8eca0575a690f875cb3cbce27d157fe","0x2260fac5e5542a773aa44fbcfedf7c193bc2c599","0.00069053","0x2260fac5e5542a773aa44fbcfedf7c193bc2c599","Wrapped BTC","WBTC",""
"0x45538e91caa352791c5c81451d8b053faf938a7332c4c8dbf9bcd41d6f48ae5d","1627267970","2021-07-26 02:52:50","0xc4acbb93e7ffaaffd3e0eca77af3f38a390263a7","0x2260fac5e5542a773aa44fbcfedf7c193bc2c599","0","0x2260fac5e5542a773aa44fbcfedf7c193bc2c599","Wrapped BTC","WBTC",""
"0x1a2b8b063bcf0c58c4c77eee2ec394acde6755317acfb2fbd68ca6d720abf854","1628723924","2021-08-11 23:18:44","0x785b70b908e1458bdae818c03d7b8e6688b025e6","0x2260fac5e5542a773aa44fbcfedf7c193bc2c599","0.005","0x2260fac5e5542a773aa44fbcfedf7c193bc2c599","Wrapped BTC","WBTC",""
"0x2fb6b96855586ffaad828cac67417577b1e46bb4c27991399bd8d1150dac7d1f","1630468793","2021-09-01 03:59:53","0x4da054fb5eef39b2b6021458c5afb95317c9a3a1","0x2260fac5e5542a773aa44fbcfedf7c193bc2c599","0.00829879","0x2260fac5e5542a773aa44fbcfedf7c193bc2c599","Wrapped BTC","WBTC",""
"0x251308cf73acbffacaa8fcc434bcae6b17b2ae2380adc57738cf9849cf722af9","1630536229","2021-09-01 22:43:49","0x695d84e20613f30dcd2ce5c9428c9ed37a0137d2","0x2260fac5e5542a773aa44fbcfedf7c193bc2c599","0.0056518","0x2260fac5e5542a773aa44fbcfedf7c193bc2c599","Wrapped BTC","WBTC",""
"0xa1708bbfef0d3e3ff03ba3cefb644c7d899c8754a8341977c24e8b2ec9deecc7","1631960150","2021-09-18 10:15:50","0x3cd751e6b0078be393132286c442345e5dc49699","0x2260fac5e5542a773aa44fbcfedf7c193bc2c599","0.00086","0x2260fac5e5542a773aa44fbcfedf7c193bc2c599","Wrapped BTC","WBTC",""
"0x2eebc51aae53b6fe8ffc2e05d214cae3ae275ad7271f7ecb22c46bcc288bb4fb","1632486992","2021-09-24 12:36:32","0x871d5c8ff2349fba48da9aee2530b9688538ef9b","0x2260fac5e5542a773aa44fbcfedf7c193bc2c599","0.01","0x2260fac5e5542a773aa44fbcfedf7c193bc2c599","Wrapped BTC","WBTC",""
"0xdc05c60e9c770e0230dc24328d814fb6f9a285b97c04502c1a6a78333130309c","1634391347","2021-10-16 13:35:47","0x990cadcc315896f623bdc945e862f30c46391179","0x2260fac5e5542a773aa44fbcfedf7c193bc2c599","0.001","0x2260fac5e5542a773aa44fbcfedf7c193bc2c599","Wrapped BTC","WBTC",""
